duration,protocol_type,service,flag,src_bytes,dst_bytes,land,wrong_fragment,urgent,hot,num_failed_logins,logged_in,num_compromised,root_shell,su_attempted,num_root,num_file_creations,num_shells,num_access_files,num_outbound_cmds,is_host_login,is_guest_login,count,srv_count,serror_rate,srv_serror_rate,rerror_rate,srv_rerror_rate,same_srv_rate,diff_srv_rate,srv_diff_host_rate,dst_host_count,dst_host_srv_count,dst_host_same_srv_rate,dst_host_diff_srv_rate,dst_host_same_src_port_rate,dst_host_srv_diff_host_rate,dst_host_serror_rate,dst_host_srv_serror_rate,dst_host_rerror_rate,dst_host_srv_rerror_rate,label,difficulty
0,tcp,finger,S0,0,0,1,0,0,0,0,0,0,0,0,0,0,0,0,0,0,0,1,2,1.0,1.0,0.0,0.0,1.0,0.0,1.0,1,2,1.0,0.0,1.0,1.0,1.0,1.0,0.0,0.0,land,0
0,udp,private,SF,28,0,0,3,0,0,0,0,0,0,0,0,0,0,0,0,0,0,58,58,0.0,0.0,0.0,0.0,1.0,0.0,0.0,255,158,0.62,0.38,0.62,0.0,0.09,0.0,0.29,0.0,teardrop,0
0,tcp,private,REJ,0,0,0,0,0,0,0,0,0,0,0,0,0,0,0,0,0,0,290,1,0.11,0.0,0.89,1.0,0.0,1.0,0.0,255,1,0.0,1.0,0.0,0.0,0.1,0.0,0.89,1.0,satan,0
0,tcp,http,SF,54540,8314,0,0,0,2,0,1,1,0,0,0,0,0,0,0,0,0,5,5,0.0,0.0,0.0,0.0,1.0,0.0,0.0,254,254,1.0,0.0,0.0,0.0,0.0,0.0,0.05,0.05,back,0
0,tcp,http,SF,307,397,0,0,0,0,0,1,0,0,0,0,0,0,0,0,0,0,2,2,0.0,0.0,0.5,0.5,1.0,0.0,0.0,255,255,1.0,0.0,0.0,0.0,0.0,0.0,0.0,0.0,normal,0
0,icmp,eco_i,SF,8,0,0,0,0,0,0,0,0,0,0,0,0,0,0,0,0,0,1,5,0.0,0.0,0.0,0.0,1.0,0.0,1.0,1,209,1.0,0.0,1.0,0.25,0.0,0.0,0.0,0.0,nmap,0
337,tcp,telnet,SF,237,1540,0,0,0,0,0,1,0,0,1,0,1,1,1,0,0,0,1,1,0.0,0.0,0.0,0.0,1.0,0.0,0.0,255,47,0.18,0.02,0.0,0.0,0.22,0.32,0.0,0.0,spy,0
0,tcp,ftp_data,SF,866,0,0,0,0,0,0,0,0,0,0,0,0,0,0,0,0,0,1,1,0.0,0.0,0.0,0.0,1.0,0.0,0.0,1,1,1.0,0.0,1.0,0.0,0.0,0.0,0.0,0.0,multihop,0
0,tcp,ftp_data,SF,334,0,0,0,0,0,0,1,0,0,0,0,0,0,0,0,0,0,2,2,0.0,0.0,0.0,0.0,1.0,0.0,0.0,8,19,1.0,0.0,1.0,0.11,0.0,0.0,0.0,0.0,warezclient,0
45,tcp,telnet,SF,2336,4201,0,0,0,3,0,1,1,1,0,0,0,0,0,0,0,0,2,1,0.0,0.0,0.5,0.0,0.5,1.0,0.0,7,7,1.0,0.0,0.14,0.0,0.0,0.0,0.14,0.14,buffer_overflow,0
0,tcp,ftp_data,SF,0,7181,0,0,0,0,0,0,0,0,0,0,0,0,0,0,0,0,1,1,0.0,0.0,0.0,0.0,1.0,0.0,0.0,1,1,1.0,0.0,1.0,0.0,0.0,0.0,0.0,0.0,warezmaster,0
0,icmp,eco_i,SF,8,0,0,0,0,0,0,0,0,0,0,0,0,0,0,0,0,0,1,31,0.0,0.0,0.0,0.0,1.0,0.0,1.0,2,72,1.0,0.0,1.0,0.5,0.0,0.0,0.0,0.0,ipsweep,0
9,tcp,ftp_data,SF,0,5150836,0,0,0,0,0,0,0,0,0,0,0,0,0,0,0,0,1,1,0.0,0.0,0.0,0.0,1.0,0.0,0.0,6,6,1.0,0.0,1.0,0.0,0.0,0.0,0.0,0.0,warezmaster,0
0,tcp,ftp_data,SF,613,0,0,0,0,0,0,1,0,0,0,1,0,0,0,0,0,0,1,2,0.0,0.0,0.0,0.0,1.0,0.0,1.0,1,84,1.0,0.0,1.0,0.02,0.0,0.0,0.0,0.0,ftp_write,0
0,udp,private,SF,28,0,0,3,0,0,0,0,0,0,0,0,0,0,0,0,0,0,69,69,0.0,0.0,0.0,0.0,1.0,0.0,0.0,255,36,0.14,0.01,0.14,0.0,0.0,0.0,0.0,0.0,teardrop,0
0,icmp,ecr_i,SF,1480,0,0,1,0,0,0,0,0,0,0,0,0,0,0,0,0,0,1,1,0.0,0.0,0.0,0.0,1.0,0.0,0.0,255,2,0.01,0.08,0.01,0.0,0.61,0.0,0.01,0.0,pod,0
33,tcp,telnet,SF,2402,3815,0,0,0,3,0,1,2,1,0,0,0,0,0,0,0,0,1,1,0.0,0.0,0.0,0.0,1.0,0.0,0.0,3,3,1.0,0.0,0.33,0.0,0.0,0.0,0.0,0.0,buffer_overflow,0
0,udp,private,SF,100,0,0,0,0,0,0,0,0,0,0,0,0,0,0,0,0,0,1,1,0.0,0.0,0.0,0.0,1.0,0.0,0.0,179,29,0.16,0.01,0.16,0.0,0.0,0.0,0.0,0.0,nmap,0
9,tcp,ftp_data,SF,0,5149533,0,0,0,0,0,0,0,0,0,0,0,0,0,0,0,0,1,1,0.0,0.0,0.0,0.0,1.0,0.0,0.0,14,14,1.0,0.0,1.0,0.0,0.0,0.0,0.0,0.0,warezmaster,0
0,tcp,ftp_data,SF,0,5,0,0,0,0,0,1,0,0,0,0,0,0,0,0,0,0,1,1,0.0,0.0,0.0,0.0,1.0,0.0,0.0,2,85,1.0,0.0,1.0,0.02,0.0,0.0,0.0,0.0,ftp_write,0
0,udp,private,SF,28,0,0,3,0,0,0,0,0,0,0,0,0,0,0,0,0,0,76,76,0.0,0.0,0.0,0.0,1.0,0.0,0.0,255,76,0.3,0.02,0.3,0.0,0.0,0.0,0.0,0.0,teardrop,0
0,tcp,http,SF,54540,8314,0,0,0,2,0,1,1,0,0,0,0,0,0,0,0,0,5,7,0.0,0.0,0.0,0.29,1.0,0.0,0.43,255,255,1.0,0.0,0.0,0.0,0.0,0.0,0.04,0.04,back,0
0,tcp,private,S0,0,0,0,0,0,0,0,0,0,0,0,0,0,0,0,0,0,0,210,4,1.0,1.0,0.0,0.0,0.02,0.06,0.0,255,4,0.02,0.07,0.0,0.0,1.0,1.0,0.0,0.0,neptune,0
0,icmp,ecr_i,SF,1480,0,0,1,0,0,0,0,0,0,0,0,0,0,0,0,0,0,1,3,0.0,0.0,0.0,0.0,1.0,0.0,0.67,1,33,1.0,0.0,1.0,0.52,0.0,0.0,0.0,0.0,pod,0
0,tcp,ftp_data,SF,334,0,0,0,0,0,0,1,0,0,0,0,0,0,0,0,0,0,2,2,0.0,0.0,0.0,0.0,1.0,0.0,0.0,7,44,1.0,0.0,1.0,0.11,0.0,0.0,0.0,0.0,warezclient,0
67,tcp,login,SF,157,2703,0,0,1,0,0,1,0,0,0,0,0,0,0,0,0,0,1,1,0.0,0.0,0.0,0.0,1.0,0.0,0.0,2,1,0.5,1.0,0.5,0.0,0.0,0.0,0.0,0.0,ftp_write,0
103,tcp,telnet,SF,302,8876,0,0,0,2,0,1,4,1,0,3,4,2,1,0,0,0,1,1,0.0,0.0,0.0,0.0,1.0,0.0,0.0,1,1,1.0,0.0,1.0,0.0,0.0,0.0,0.0,0.0,loadmodule,0
0,tcp,other,REJ,0,0,0,0,0,0,0,0,0,0,0,0,0,0,0,0,0,0,510,1,0.2,0.0,0.8,1.0,0.0,1.0,0.0,255,1,0.0,1.0,0.0,0.0,0.11,0.0,0.89,1.0,satan,0
79,tcp,telnet,SF,281,1301,0,0,0,2,0,1,1,1,0,0,4,2,0,0,0,0,1,1,0.0,0.0,0.0,0.0,1.0,0.0,0.0,1,10,1.0,0.0,1.0,0.3,0.0,0.0,0.0,0.1,loadmodule,0
0,tcp,ftp_data,SF,0,5020,0,0,0,0,0,1,0,0,0,0,0,0,0,0,0,0,3,3,0.0,0.0,0.0,0.0,1.0,0.0,0.0,3,3,1.0,0.0,1.0,0.0,0.0,0.0,0.0,0.0,buffer_overflow,0
0,icmp,ecr_i,SF,1480,0,0,1,0,0,0,0,0,0,0,0,0,0,0,0,0,0,1,3,0.0,0.0,0.0,0.0,1.0,0.0,0.67,3,152,0.67,0.67,0.67,0.03,0.33,0.0,0.0,0.0,pod,0
0,icmp,eco_i,SF,8,0,0,0,0,0,0,0,0,0,0,0,0,0,0,0,0,0,1,22,0.0,0.0,0.0,0.0,1.0,0.0,1.0,2,129,1.0,0.0,1.0,0.5,0.0,0.0,0.0,0.0,ipsweep,0
0,tcp,imap4,SF,0,0,0,0,0,0,0,0,0,0,0,0,0,0,0,0,0,0,3,124,0.67,0.76,0.0,0.04,1.0,0.0,0.36,9,9,1.0,0.0,0.78,0.0,0.56,0.56,0.0,0.0,imap,0
0,icmp,ecr_i,SF,1480,0,0,1,0,0,0,0,0,0,0,0,0,0,0,0,0,0,2,4,0.0,0.0,0.0,0.0,1.0,0.0,0.5,4,151,1.0,0.0,1.0,0.12,0.0,0.0,0.0,0.0,pod,0
0,icmp,eco_i,SF,30,0,0,0,0,0,0,0,0,0,0,0,0,0,0,0,0,0,2,1,0.0,0.0,0.0,0.0,0.5,1.0,0.0,255,5,0.02,0.01,0.12,0.0,0.0,0.0,0.0,0.0,normal,0
0,udp,other,SF,4,0,0,0,0,0,0,0,0,0,0,0,0,0,0,0,0,0,2,2,0.0,0.0,0.0,0.0,1.0,0.0,0.0,2,2,1.0,0.0,0.5,0.0,0.0,0.0,0.0,0.0,rootkit,0
0,udp,other,SF,32,0,0,0,0,0,0,0,0,0,0,0,0,0,0,0,0,0,1,1,0.0,0.0,0.0,0.0,1.0,0.0,0.0,255,1,0.0,0.02,0.0,0.0,0.0,0.0,0.0,0.0,rootkit,0
0,tcp,ftp_data,SF,0,2072,0,0,0,1,0,1,0,1,0,0,0,0,0,0,0,0,3,3,0.0,0.0,0.0,0.0,1.0,0.0,0.0,4,4,1.0,0.0,1.0,0.0,0.0,0.0,0.0,0.0,buffer_overflow,0
21003,tcp,private,RSTR,1,0,0,0,0,0,0,0,0,0,0,0,0,0,0,0,0,0,2,2,0.0,0.0,1.0,1.0,1.0,0.0,0.0,255,2,0.01,0.63,1.0,0.0,0.0,0.0,1.0,1.0,portsweep,0
0,tcp,ftp_data,REJ,0,0,0,0,0,0,0,0,0,0,0,0,0,0,0,0,0,0,472,17,0.07,0.0,0.9,1.0,0.04,0.96,0.0,255,16,0.06,0.94,0.0,0.0,0.08,0.0,0.92,1.0,satan,0
1,tcp,private,RSTOS0,0,0,0,0,0,0,0,0,0,0,0,0,0,0,0,0,0,0,66,3,0.79,0.67,0.21,0.33,0.05,0.38,0.0,255,3,0.01,0.1,0.26,0.0,0.2,0.67,0.05,0.33,portsweep,0
0,udp,private,SF,28,0,0,3,0,0,0,0,0,0,0,0,0,0,0,0,0,0,71,71,0.0,0.0,0.0,0.0,1.0,0.0,0.0,255,71,0.28,0.64,0.28,0.0,0.01,0.0,0.52,0.0,teardrop,0
0,tcp,http,SF,236,1408,0,0,0,0,0,1,0,0,0,0,0,0,0,0,0,0,24,24,0.0,0.0,0.0,0.0,1.0,0.0,0.0,255,255,1.0,0.0,0.0,0.0,0.0,0.0,0.0,0.0,normal,0
0,icmp,eco_i,SF,8,0,0,0,0,0,0,0,0,0,0,0,0,0,0,0,0,0,1,16,0.0,0.0,0.0,0.0,1.0,0.0,1.0,1,25,1.0,0.0,1.0,0.52,0.0,0.0,0.0,0.0,ipsweep,0
0,udp,private,SF,28,0,0,3,0,0,0,0,0,0,0,0,0,0,0,0,0,0,16,16,0.0,0.0,0.0,0.0,1.0,0.0,0.0,255,116,0.45,0.55,0.45,0.0,0.09,0.0,0.46,0.0,teardrop,0
0,tcp,ftp,SF,36,197,0,0,0,0,0,1,0,0,0,0,1,0,0,0,0,1,1,1,0.0,0.0,0.0,0.0,1.0,0.0,0.0,255,1,0.0,0.05,0.0,0.0,0.39,0.0,0.05,0.0,warezmaster,0
0,tcp,ftp_data,SF,0,2072,0,0,0,1,0,1,0,1,0,0,0,0,0,0,0,0,4,3,0.0,0.0,0.0,0.0,0.75,0.5,0.0,3,5,1.0,0.0,1.0,0.4,0.0,0.0,0.0,0.0,loadmodule,0
0,tcp,private,SH,0,0,0,0,0,0,0,0,0,0,0,0,0,0,0,0,0,0,1,1,1.0,1.0,0.0,0.0,1.0,0.0,0.0,240,1,0.0,0.95,0.97,0.0,0.97,1.0,0.0,0.0,nmap,0
16945,tcp,other,RSTR,1,0,0,0,0,0,0,0,0,0,0,0,0,0,0,0,0,0,2,2,0.0,0.0,1.0,1.0,1.0,0.0,0.0,255,2,0.01,0.69,1.0,0.0,0.0,0.0,1.0,1.0,portsweep,0
0,icmp,ecr_i,SF,1480,0,0,1,0,0,0,0,0,0,0,0,0,0,0,0,0,0,2,2,0.0,0.0,0.0,0.0,1.0,0.0,0.0,255,3,0.01,0.08,0.01,0.0,0.6,0.0,0.01,0.0,pod,0
0,tcp,smtp,RSTO,0,0,0,0,0,0,0,0,0,0,0,0,0,0,0,0,0,0,2,1,0.0,0.0,1.0,1.0,0.5,1.0,0.0,255,1,0.0,1.0,1.0,0.0,0.0,0.0,1.0,1.0,portsweep,0
0,tcp,ftp_data,SF,0,848,0,0,0,0,0,0,0,0,0,0,0,0,0,0,0,0,2,2,0.0,0.0,0.0,0.0,1.0,0.0,0.0,2,2,1.0,0.0,1.0,0.0,0.0,0.0,0.0,0.0,warezmaster,0
0,tcp,ftp_data,SF,0,5636,0,0,0,0,0,1,2,0,0,2,0,0,0,0,0,0,1,1,0.0,0.0,0.0,0.0,1.0,0.0,0.0,1,41,1.0,0.0,1.0,0.1,0.0,0.0,0.0,0.0,rootkit,0
0,tcp,ftp_data,SF,334,0,0,0,0,0,0,1,0,0,0,0,0,0,0,0,0,0,1,1,0.0,0.0,0.0,0.0,1.0,0.0,0.0,3,17,1.0,0.0,1.0,0.18,0.0,0.0,0.0,0.0,warezclient,0
0,udp,private,SF,215,0,0,0,0,0,0,0,0,0,0,0,0,0,0,0,0,0,1,1,0.0,0.0,0.0,0.0,1.0,0.0,0.0,117,101,0.86,0.02,0.86,0.0,0.0,0.0,0.0,0.0,nmap,0
0,tcp,private,REJ,0,0,0,0,0,0,0,0,0,0,0,0,0,0,0,0,0,0,220,5,0.0,0.0,1.0,1.0,0.02,0.07,0.0,255,5,0.02,0.07,0.0,0.0,0.0,0.0,1.0,1.0,neptune,0
0,udp,other,SF,4,4,0,0,0,0,0,0,0,0,0,0,0,0,0,0,0,0,1,1,0.0,0.0,0.0,0.0,1.0,0.0,0.0,1,1,1.0,0.0,1.0,0.0,0.0,0.0,0.0,0.0,rootkit,0
0,tcp,finger,S0,0,0,1,0,0,0,0,0,0,0,0,0,0,0,0,0,0,0,1,1,1.0,1.0,0.0,0.0,1.0,0.0,0.0,1,6,1.0,0.0,1.0,0.33,1.0,0.17,0.0,0.0,land,0
0,tcp,telnet,RSTO,126,179,0,0,0,1,1,0,0,0,0,0,0,0,0,0,0,0,2,2,0.0,0.0,1.0,1.0,1.0,0.0,0.0,20,20,1.0,0.0,0.05,0.0,0.05,0.05,0.95,0.95,guess_passwd,0
0,tcp,whois,S0,0,0,0,0,0,0,0,0,0,0,0,0,0,0,0,0,0,0,125,25,1.0,1.0,0.0,0.0,0.2,0.06,0.0,255,4,0.02,0.06,0.0,0.0,1.0,1.0,0.0,0.0,neptune,0
0,udp,private,SF,1,0,0,0,0,0,0,0,0,0,0,0,0,0,0,0,0,0,5,5,0.0,0.0,0.0,0.0,1.0,0.0,0.0,255,208,0.82,0.03,1.0,0.0,0.0,0.0,0.0,0.0,satan,0
60,tcp,telnet,SF,90,233,0,0,0,0,0,0,0,0,0,0,0,0,0,0,0,0,1,1,0.0,0.0,0.0,0.0,1.0,0.0,0.0,255,2,0.01,0.02,0.0,0.0,0.0,0.0,0.0,0.0,rootkit,0
0,icmp,eco_i,SF,8,0,0,0,0,0,0,0,0,0,0,0,0,0,0,0,0,0,1,39,0.0,0.0,0.0,0.0,1.0,0.0,1.0,1,157,1.0,0.0,1.0,0.25,0.0,0.0,0.0,0.0,nmap,0
2,tcp,ftp,SF,1218,2447,0,0,0,28,0,1,0,0,0,0,0,0,0,0,0,1,1,1,0.0,0.0,0.0,0.0,1.0,0.0,0.0,255,71,0.28,0.02,0.0,0.0,0.0,0.0,0.0,0.0,warezclient,0
0,tcp,finger,S0,0,0,1,0,0,0,0,0,0,0,0,0,0,0,0,0,0,0,1,1,1.0,1.0,0.0,0.0,1.0,0.0,0.0,1,8,1.0,0.0,1.0,0.38,1.0,0.12,0.0,0.0,land,0
0,tcp,ftp_data,SF,334,0,0,0,0,0,0,1,0,0,0,0,0,0,0,0,0,0,2,2,0.0,0.0,0.0,0.0,1.0,0.0,0.0,4,8,1.0,0.0,1.0,0.38,0.0,0.0,0.0,0.0,warezclient,0
0,icmp,eco_i,SF,8,0,0,0,0,0,0,0,0,0,0,0,0,0,0,0,0,0,1,52,0.0,0.0,0.0,0.0,1.0,0.0,1.0,4,224,1.0,0.0,1.0,0.25,0.0,0.0,0.0,0.0,nmap,0
0,tcp,finger,S0,0,0,1,0,0,0,0,0,0,0,0,0,0,0,0,0,0,0,1,2,1.0,1.0,0.0,0.0,1.0,0.0,1.0,1,5,1.0,0.0,1.0,1.0,1.0,0.8,0.0,0.0,land,0
0,tcp,finger,S0,0,0,1,0,0,0,0,0,0,0,0,0,0,0,0,0,0,0,1,2,1.0,1.0,0.0,0.0,1.0,0.0,1.0,1,1,1.0,0.0,1.0,0.0,1.0,1.0,0.0,0.0,land,0
0,tcp,ftp_data,SF,676,0,0,0,0,0,0,0,0,0,0,0,0,0,0,0,0,0,1,1,0.0,0.0,0.0,0.0,1.0,0.0,0.0,1,4,1.0,0.0,1.0,0.5,0.0,0.0,0.0,0.0,ftp_write,0
0,icmp,eco_i,SF,8,0,0,0,0,0,0,0,0,0,0,0,0,0,0,0,0,0,1,16,0.0,0.0,0.0,0.0,1.0,0.0,1.0,4,80,1.0,0.0,1.0,0.25,0.0,0.0,0.0,0.0,nmap,0
0,icmp,urp_i,SF,182,0,0,0,0,0,0,0,0,0,0,0,0,0,0,0,0,0,2,1,0.0,0.0,0.0,0.0,0.5,1.0,0.0,255,20,0.08,0.01,0.09,0.0,0.0,0.0,0.0,0.0,normal,0
0,tcp,ftp_data,SF,0,5921,0,0,0,0,0,1,0,0,0,0,0,0,0,0,0,0,2,1,0.0,0.0,0.0,0.0,0.5,1.0,0.0,1,3,1.0,0.0,1.0,0.67,0.0,0.0,0.0,0.0,loadmodule,0
0,tcp,http,SF,54540,8314,0,0,0,2,0,1,1,0,0,0,0,0,0,0,0,0,5,6,0.0,0.0,0.0,0.17,1.0,0.0,0.33,128,128,1.0,0.0,0.01,0.0,0.0,0.0,0.05,0.05,back,0
0,icmp,eco_i,SF,8,0,0,0,0,0,0,0,0,0,0,0,0,0,0,0,0,0,1,13,0.0,0.0,0.0,0.0,1.0,0.0,1.0,2,48,1.0,0.0,1.0,0.5,0.0,0.0,0.0,0.0,ipsweep,0
0,tcp,http,SF,291,13599,0,0,0,0,0,1,0,0,0,0,0,0,0,0,0,0,17,17,0.0,0.0,0.0,0.0,1.0,0.0,0.0,255,255,1.0,0.0,0.0,0.0,0.0,0.0,0.0,0.0,normal,0
0,icmp,ecr_i,SF,1480,0,0,1,0,0,0,0,0,0,0,0,0,0,0,0,0,0,18,18,0.0,0.0,0.0,0.0,1.0,0.0,0.0,255,20,0.08,0.02,0.08,0.0,0.0,0.0,0.0,0.0,pod,0
30077,tcp,private,RSTR,1,0,0,0,0,0,0,0,0,0,0,0,0,0,0,0,0,0,2,2,0.0,0.0,1.0,1.0,1.0,0.0,0.0,255,2,0.01,0.63,1.0,0.0,0.0,0.0,1.0,1.0,portsweep,0
0,icmp,eco_i,SF,8,0,0,0,0,0,0,0,0,0,0,0,0,0,0,0,0,0,1,41,0.0,0.0,0.0,0.0,1.0,0.0,1.0,2,110,1.0,0.0,1.0,0.5,0.0,0.0,0.0,0.0,ipsweep,0
0,tcp,http,SF,51,8127,0,0,0,2,0,1,0,1,0,0,0,0,1,0,0,0,1,1,0.0,0.0,0.0,0.0,1.0,0.0,0.0,255,241,0.95,0.01,0.0,0.0,0.0,0.0,0.0,0.0,phf,0
0,udp,private,SF,28,0,0,3,0,0,0,0,0,0,0,0,0,0,0,0,0,0,117,17,0.85,0.0,0.0,0.0,0.15,0.06,0.0,255,17,0.07,0.94,0.07,0.0,0.09,0.0,0.85,0.0,teardrop,0
0,icmp,ecr_i,SF,1480,0,0,1,0,0,0,0,0,0,0,0,0,0,0,0,0,0,1,3,0.0,0.0,0.0,0.0,1.0,0.0,0.67,1,19,1.0,0.0,1.0,0.53,0.0,0.0,0.0,0.0,pod,0
134,tcp,login,SF,100,39445,0,0,2,0,0,1,1,0,0,1,0,0,1,0,0,0,1,1,0.0,0.0,0.0,0.0,1.0,0.0,0.0,2,1,0.5,1.0,0.5,0.0,0.0,0.0,0.0,0.0,ftp_write,0
127,tcp,telnet,SF,1567,2736,0,0,0,1,0,1,0,0,0,0,1,0,0,0,0,0,83,1,0.99,0.0,0.0,0.0,0.01,0.08,0.0,5,5,1.0,0.0,0.2,0.0,0.0,0.0,0.0,0.0,buffer_overflow,0
1,tcp,telnet,SF,123,2053,0,0,0,1,0,1,0,0,0,0,0,0,0,0,0,1,1,1,0.0,0.0,0.0,0.0,1.0,0.0,0.0,52,52,1.0,0.0,0.02,0.0,0.04,0.04,0.94,0.94,guess_passwd,0
26,tcp,ftp,SF,116,451,0,0,0,2,0,1,0,0,0,0,1,0,1,0,0,1,1,1,0.0,0.0,0.0,0.0,1.0,0.0,0.0,1,1,1.0,0.0,1.0,0.0,0.0,0.0,0.0,0.0,ftp_write,0
60,tcp,telnet,S3,125,179,0,0,0,1,1,0,0,0,0,0,0,0,0,0,0,0,1,1,1.0,1.0,0.0,0.0,1.0,0.0,0.0,1,1,1.0,0.0,1.0,0.0,1.0,1.0,0.0,0.0,guess_passwd,0
0,tcp,sql_net,S0,0,0,0,0,0,0,0,0,0,0,0,0,0,0,0,0,0,0,230,6,1.0,1.0,0.0,0.0,0.03,0.06,0.0,255,19,0.07,0.06,0.0,0.0,1.0,1.0,0.0,0.0,neptune,0
0,udp,domain_u,SF,46,125,0,0,0,0,0,0,0,0,0,0,0,0,0,0,0,0,105,185,0.0,0.0,0.0,0.0,1.0,0.0,0.01,255,255,1.0,0.0,0.0,0.0,0.0,0.0,0.0,0.0,normal,0
0,udp,private,SF,28,0,0,3,0,0,0,0,0,0,0,0,0,0,0,0,0,0,60,60,0.0,0.0,0.0,0.0,1.0,0.0,0.0,255,60,0.24,0.02,0.24,0.0,0.0,0.0,0.0,0.0,teardrop,0
0,tcp,imap4,SH,0,0,0,0,0,0,0,0,0,0,0,0,0,0,0,0,0,0,2,123,1.0,0.76,0.0,0.04,1.0,0.0,0.37,8,8,1.0,0.0,0.75,0.0,0.62,0.62,0.0,0.0,imap,0
0,icmp,ecr_i,SF,1032,0,0,0,0,0,0,0,0,0,0,0,0,0,0,0,0,0,511,511,0.0,0.0,0.0,0.0,1.0,0.0,0.0,255,119,0.47,0.07,0.47,0.0,0.0,0.0,0.0,0.0,smurf,0
0,icmp,ecr_i,SF,1032,0,0,0,0,0,0,0,0,0,0,0,0,0,0,0,0,0,33,33,0.0,0.0,0.0,0.0,1.0,0.0,0.0,255,33,0.13,0.02,0.13,0.0,0.0,0.0,0.0,0.0,smurf,0
0,tcp,finger,S0,0,0,1,0,0,0,0,0,0,0,0,0,0,0,0,0,0,0,1,2,1.0,1.0,0.0,0.0,1.0,0.0,1.0,1,6,1.0,0.0,1.0,0.33,1.0,0.17,0.0,0.0,land,0
0,tcp,telnet,RSTO,126,179,0,0,0,1,1,0,0,0,0,0,0,0,0,0,0,0,1,1,0.0,0.0,1.0,1.0,1.0,0.0,0.0,24,24,1.0,0.0,0.04,0.0,0.08,0.08,0.92,0.92,guess_passwd,0
0,tcp,login,S0,0,0,0,0,0,0,0,0,0,0,0,0,0,0,0,0,0,0,150,1,1.0,1.0,0.0,0.0,0.01,0.06,0.0,255,1,0.0,0.07,0.0,0.0,1.0,1.0,0.0,0.0,neptune,0
0,icmp,ecr_i,SF,1480,0,0,1,0,0,0,0,0,0,0,0,0,0,0,0,0,0,1,3,0.0,0.0,0.0,0.0,1.0,0.0,0.67,1,151,1.0,0.0,1.0,0.12,0.0,0.0,0.0,0.0,pod,0
0,tcp,finger,S0,0,0,1,0,0,0,0,0,0,0,0,0,0,0,0,0,0,0,1,2,1.0,1.0,0.0,0.0,1.0,0.0,1.0,1,5,1.0,0.0,1.0,1.0,1.0,1.0,0.0,0.0,land,0
6,tcp,http,SF,51,8127,0,0,0,2,0,1,0,1,0,0,0,0,1,0,0,0,1,1,0.0,0.0,0.0,0.0,1.0,0.0,0.0,255,249,0.98,0.01,0.0,0.0,0.0,0.0,0.0,0.0,phf,0
32,tcp,ftp,SF,104,449,0,0,0,2,0,1,0,0,0,0,1,0,1,0,0,1,1,1,0.0,0.0,0.0,0.0,1.0,0.0,0.0,1,1,1.0,0.0,1.0,0.0,0.0,0.0,0.0,0.0,ftp_write,0
0,tcp,private,RSTR,0,0,0,0,0,0,0,0,0,0,0,0,0,0,0,0,0,0,1,1,0.0,0.0,1.0,1.0,1.0,0.0,0.0,196,1,0.01,0.17,0.14,0.0,0.0,0.0,0.15,1.0,portsweep,0
0,icmp,ecr_i,SF,1032,0,0,0,0,0,0,0,0,0,0,0,0,0,0,0,0,0,184,184,0.0,0.0,0.0,0.0,1.0,0.0,0.0,101,7,0.07,0.07,0.07,0.0,0.02,0.0,0.62,0.0,smurf,0
0,icmp,ecr_i,SF,1032,0,0,0,0,0,0,0,0,0,0,0,0,0,0,0,0,0,511,511,0.0,0.0,0.0,0.0,1.0,0.0,0.0,255,82,0.32,0.2,0.32,0.0,0.0,0.0,0.0,0.0,smurf,0
0,tcp,http,SF,54540,8314,0,0,0,2,0,1,1,0,0,0,0,0,0,0,0,0,2,2,0.0,0.0,0.0,0.0,1.0,0.0,0.0,149,149,1.0,0.0,0.01,0.0,0.0,0.0,0.01,0.01,back,0
0,tcp,http,SF,54540,8314,0,0,0,2,0,1,1,0,0,0,0,0,0,0,0,0,3,4,0.0,0.0,0.0,0.25,1.0,0.0,0.5,255,255,1.0,0.0,0.0,0.0,0.0,0.0,0.06,0.06,back,0
0,tcp,telnet,S0,0,0,1,0,0,0,0,0,0,0,0,0,0,0,0,0,0,0,1,1,1.0,1.0,0.0,0.0,1.0,0.0,0.0,1,1,1.0,0.0,1.0,0.0,1.0,1.0,0.0,0.0,land,0
31,tcp,imap4,SF,1345,10036,0,0,0,0,0,1,16,0,0,16,0,0,0,0,0,0,1,1,0.0,0.0,0.0,0.0,1.0,0.0,0.0,255,1,0.0,0.01,0.0,0.0,0.0,0.0,0.03,0.0,imap,0
0,tcp,iso_tsap,S0,0,0,0,0,0,0,0,0,0,0,0,0,0,0,0,0,0,0,289,12,1.0,1.0,0.0,0.0,0.04,0.06,0.0,255,8,0.03,0.07,0.0,0.0,1.0,1.0,0.0,0.0,neptune,0
0,icmp,eco_i,SF,8,0,0,0,0,0,0,0,0,0,0,0,0,0,0,0,0,0,1,34,0.0,0.0,0.0,0.0,1.0,0.0,1.0,2,26,1.0,0.0,1.0,0.27,0.0,0.0,0.0,0.0,nmap,0
0,icmp,ecr_i,SF,1480,0,0,1,0,0,0,0,0,0,0,0,0,0,0,0,0,0,1,3,0.0,0.0,0.0,0.0,1.0,0.0,0.67,3,13,0.33,0.67,0.33,0.54,0.0,0.0,0.0,0.0,pod,0
21,tcp,ftp,SF,89,345,0,0,0,1,0,1,0,0,0,0,1,0,0,0,0,0,1,1,0.0,0.0,0.0,0.0,1.0,0.0,0.0,255,1,0.0,0.02,0.0,0.0,0.0,0.0,0.0,0.0,rootkit,0
198,tcp,telnet,SF,562,9139,0,0,0,3,0,1,22,1,0,39,4,2,0,0,0,0,1,1,0.0,0.0,0.0,0.0,1.0,0.0,0.0,1,1,1.0,0.0,1.0,0.0,0.0,0.0,0.0,0.0,multihop,0
31,tcp,telnet,SF,142,1278,0,0,0,0,0,1,0,0,0,0,1,0,0,0,0,0,1,1,0.0,0.0,0.0,0.0,1.0,0.0,0.0,5,3,0.6,0.6,0.2,0.0,0.0,0.0,0.0,0.0,loadmodule,0
98,tcp,telnet,SF,621,8356,0,0,1,1,0,1,5,1,0,14,1,0,0,0,0,0,1,1,0.0,0.0,0.0,0.0,1.0,0.0,0.0,255,4,0.02,0.02,0.0,0.0,0.0,0.0,0.0,0.0,rootkit,0
38531,tcp,private,RSTR,1,0,0,0,0,0,0,0,0,0,0,0,0,0,0,0,0,0,2,2,0.0,0.0,1.0,1.0,1.0,0.0,0.0,255,2,0.01,0.51,1.0,0.0,0.0,0.0,1.0,1.0,portsweep,0
0,tcp,private,REJ,0,0,0,0,0,0,0,0,0,0,0,0,0,0,0,0,0,0,104,1,0.0,0.0,1.0,1.0,0.01,0.09,0.0,255,1,0.0,0.09,0.0,0.0,0.0,0.0,1.0,1.0,neptune,0
0,tcp,telnet,RSTO,126,179,0,0,0,1,1,0,0,0,0,0,0,0,0,0,0,0,1,1,0.0,0.0,1.0,1.0,1.0,0.0,0.0,44,44,1.0,0.0,0.02,0.0,0.05,0.05,0.95,0.95,guess_passwd,0
0,tcp,http,SF,51,8127,0,0,0,2,0,1,0,1,0,0,0,0,1,0,0,0,1,2,0.0,0.0,0.0,0.5,1.0,0.0,1.0,255,255,1.0,0.0,0.0,0.0,0.0,0.0,0.0,0.0,phf,0
0,icmp,eco_i,SF,8,0,0,0,0,0,0,0,0,0,0,0,0,0,0,0,0,0,1,8,0.0,0.0,0.0,0.0,1.0,0.0,1.0,1,9,1.0,0.0,1.0,0.56,0.0,0.0,0.0,0.0,ipsweep,0
169,tcp,telnet,SF,1567,2857,0,0,0,3,0,1,4,1,0,0,1,0,0,0,0,0,1,1,0.0,0.0,0.0,0.0,1.0,0.0,0.0,1,1,1.0,0.0,1.0,0.0,0.0,0.0,0.0,0.0,buffer_overflow,0
0,tcp,private,SH,0,0,0,0,0,0,0,0,0,0,0,0,0,0,0,0,0,0,1,1,1.0,1.0,0.0,0.0,1.0,0.0,0.0,148,1,0.01,0.93,0.95,0.0,0.95,1.0,0.0,0.0,nmap,0
0,tcp,ftp,SF,1229,2451,0,0,0,28,0,1,0,0,0,0,0,0,0,0,0,1,1,1,0.0,0.0,0.0,0.0,1.0,0.0,0.0,255,54,0.21,0.02,0.0,0.0,0.01,0.0,0.0,0.0,warezclient,0
54,tcp,telnet,SF,260,2635,0,0,0,0,0,1,0,1,0,2,2,1,0,0,0,0,1,1,0.0,0.0,0.0,0.0,1.0,0.0,0.0,255,1,0.0,0.01,0.0,0.0,0.0,0.0,0.0,0.0,perl,0
0,tcp,telnet,RSTO,126,179,0,0,0,1,1,0,0,0,0,0,0,0,0,0,0,0,1,1,0.0,0.0,1.0,1.0,1.0,0.0,0.0,30,30,1.0,0.0,0.03,0.0,0.07,0.07,0.93,0.93,guess_passwd,0
0,tcp,http,SF,54540,8314,0,0,0,2,0,1,1,0,0,0,0,0,0,0,0,0,4,5,0.0,0.0,0.0,0.2,1.0,0.0,0.4,101,101,1.0,0.0,0.01,0.0,0.0,0.0,0.05,0.05,back,0
10,tcp,ftp_data,SF,0,5150877,0,0,0,0,0,0,0,0,0,0,0,0,0,0,0,0,1,1,0.0,0.0,0.0,0.0,1.0,0.0,0.0,8,8,1.0,0.0,1.0,0.0,0.0,0.0,0.0,0.0,warezmaster,0
0,tcp,private,REJ,0,0,0,0,0,0,0,0,0,0,0,0,0,0,0,0,0,0,98,1,0.07,0.0,0.93,1.0,0.01,1.0,0.0,255,1,0.0,0.65,0.0,0.0,0.03,0.0,0.37,1.0,satan,0
0,tcp,http,S2,54540,8315,0,0,0,1,0,1,0,0,0,0,0,0,0,0,0,0,6,6,0.17,0.17,0.0,0.0,1.0,0.0,0.0,28,28,1.0,0.0,0.04,0.0,0.04,0.04,0.04,0.04,back,0
0,tcp,ftp_data,SF,0,5,0,0,0,0,0,0,0,0,0,0,0,0,0,0,0,0,1,1,0.0,0.0,0.0,0.0,1.0,0.0,0.0,2,5,1.0,0.0,1.0,0.4,0.0,0.0,0.0,0.0,ftp_write,0
0,icmp,ecr_i,SF,1480,0,0,1,0,0,0,0,0,0,0,0,0,0,0,0,0,0,2,4,0.0,0.0,0.0,0.0,1.0,0.0,0.5,4,151,1.0,0.0,1.0,0.11,0.0,0.0,0.0,0.0,pod,0
0,tcp,http,SF,54540,8314,0,0,0,2,0,1,1,0,0,0,0,0,0,0,0,0,11,11,0.0,0.0,0.0,0.0,1.0,0.0,0.0,93,93,1.0,0.0,0.01,0.0,0.0,0.0,0.04,0.04,back,0
0,udp,private,SF,105,147,0,0,0,0,0,0,0,0,0,0,0,0,0,0,0,0,7,1,0.0,0.0,0.0,0.0,0.14,0.29,0.0,255,249,0.98,0.01,0.0,0.0,0.0,0.0,0.0,0.0,normal,0
0,tcp,telnet,RSTO,126,179,0,0,0,1,1,0,0,0,0,0,0,0,0,0,0,0,1,1,0.0,0.0,1.0,1.0,1.0,0.0,0.0,15,15,1.0,0.0,0.07,0.0,0.07,0.07,0.93,0.93,guess_passwd,0
0,udp,private,SF,1,0,0,0,0,0,0,0,0,0,0,0,0,0,0,0,0,0,15,1,0.0,0.0,0.0,0.0,0.07,0.33,0.0,255,1,0.0,0.48,0.67,0.0,0.0,0.0,0.33,0.0,satan,0
0,icmp,eco_i,SF,8,0,0,0,0,0,0,0,0,0,0,0,0,0,0,0,0,0,1,6,0.0,0.0,0.0,0.0,1.0,0.0,1.0,2,150,1.0,0.0,1.0,0.5,0.0,0.0,0.0,0.0,ipsweep,0
2,tcp,ftp_data,SF,2194619,0,0,0,0,0,0,1,0,0,0,0,0,0,0,0,0,0,2,2,0.0,0.0,0.0,0.0,1.0,0.0,0.0,178,72,0.27,0.02,0.27,0.03,0.0,0.0,0.0,0.0,normal,0
10,tcp,ftp_data,SF,0,5155468,0,0,0,0,0,0,0,0,0,0,0,0,0,0,0,0,1,1,0.0,0.0,0.0,0.0,1.0,0.0,0.0,4,4,1.0,0.0,1.0,0.0,0.0,0.0,0.0,0.0,warezmaster,0
0,udp,private,SF,1,0,0,0,0,0,0,0,0,0,0,0,0,0,0,0,0,0,140,120,0.0,0.0,0.0,0.0,0.86,0.03,0.0,255,162,0.64,0.05,1.0,0.0,0.0,0.0,0.0,0.0,satan,0
0,tcp,finger,S0,0,0,1,0,0,0,0,0,0,0,0,0,0,0,0,0,0,0,1,2,1.0,1.0,0.0,0.0,1.0,0.0,1.0,15,1,0.07,0.2,0.07,0.0,0.07,1.0,0.07,0.0,land,0
0,tcp,other,REJ,0,0,0,0,0,0,0,0,0,0,0,0,0,0,0,0,0,0,509,1,0.1,0.0,0.89,1.0,0.0,1.0,0.0,255,1,0.0,1.0,0.0,0.0,0.18,0.0,0.81,1.0,satan,0
0,icmp,eco_i,SF,8,0,0,0,0,0,0,0,0,0,0,0,0,0,0,0,0,0,1,21,0.0,0.0,0.0,0.0,1.0,0.0,1.0,2,184,1.0,0.0,1.0,0.5,0.0,0.0,0.0,0.0,ipsweep,0
0,tcp,imap4,SH,0,0,0,0,0,0,0,0,0,0,0,0,0,0,0,0,0,0,1,122,1.0,0.76,0.0,0.04,1.0,0.0,0.37,7,7,1.0,0.0,0.71,0.0,0.57,0.57,0.0,0.0,imap,0
0,tcp,private,REJ,0,0,0,0,0,0,0,0,0,0,0,0,0,0,0,0,0,0,2,1,0.0,0.0,1.0,1.0,0.5,1.0,0.0,255,1,0.0,0.4,0.33,0.0,0.19,0.0,0.34,1.0,portsweep,0
0,tcp,telnet,RSTO,126,179,0,0,0,1,1,0,0,0,0,0,0,0,0,0,0,0,2,2,0.0,0.0,1.0,1.0,1.0,0.0,0.0,16,16,1.0,0.0,0.06,0.0,0.06,0.06,0.94,0.94,guess_passwd,0
27,udp,domain_u,SF,31,31,0,0,0,0,0,0,0,0,0,0,0,0,0,0,0,0,3,5,0.0,0.0,0.0,0.0,0.33,0.67,0.4,62,32,0.52,0.05,0.02,0.0,0.0,0.0,0.0,0.0,normal,0
61,tcp,telnet,SF,2336,4194,0,0,0,3,0,1,1,1,0,0,0,0,0,0,0,0,1,1,0.0,0.0,0.0,0.0,1.0,0.0,0.0,9,9,1.0,0.0,0.11,0.0,0.0,0.0,0.11,0.11,buffer_overflow,0
0,udp,private,SF,1,0,0,0,0,0,0,0,0,0,0,0,0,0,0,0,0,0,68,13,0.0,0.0,0.0,0.0,0.19,0.06,0.0,255,37,0.15,0.23,1.0,0.0,0.0,0.0,0.0,0.0,satan,0
299,tcp,telnet,SF,112,847,0,0,0,0,0,0,0,0,0,0,0,0,0,0,0,0,1,1,0.0,0.0,0.0,0.0,1.0,0.0,0.0,255,48,0.19,0.02,0.0,0.0,0.22,0.31,0.0,0.0,spy,0
7,tcp,ftp,SF,230,644,0,0,0,4,0,1,0,0,0,0,4,0,0,0,0,0,1,1,0.0,0.0,0.0,0.0,1.0,0.0,0.0,4,1,0.25,0.75,0.25,0.0,0.0,0.0,0.0,0.0,loadmodule,0
0,tcp,telnet,RSTO,126,179,0,0,0,1,1,0,0,0,0,0,0,0,0,0,0,0,2,2,0.0,0.0,1.0,1.0,1.0,0.0,0.0,18,18,1.0,0.0,0.06,0.0,0.06,0.06,0.94,0.94,guess_passwd,0
0,icmp,ecr_i,SF,520,0,0,0,0,0,0,0,0,0,0,0,0,0,0,0,0,0,444,444,0.0,0.0,0.0,0.0,1.0,0.0,0.0,185,185,1.0,0.0,1.0,0.0,0.0,0.0,0.0,0.0,smurf,0
0,tcp,imap4,SF,0,0,0,0,0,2,0,0,0,0,0,0,0,0,0,0,0,0,4,163,0.5,0.58,0.0,0.03,1.0,0.0,0.28,4,4,1.0,0.0,1.0,0.0,0.5,0.5,0.0,0.0,imap,0
1,tcp,ftp_data,SF,0,988002,0,0,0,0,0,0,0,0,0,0,0,0,0,0,0,0,1,2,0.0,0.0,0.0,0.0,1.0,0.0,1.0,3,3,1.0,0.0,1.0,0.0,0.0,0.0,0.0,0.0,multihop,0
0,tcp,other,REJ,0,0,0,0,0,0,0,0,0,0,0,0,0,0,0,0,0,0,335,1,0.06,0.0,0.9,1.0,0.0,1.0,0.0,255,1,0.0,1.0,0.0,0.0,0.08,0.0,0.89,1.0,satan,0
0,tcp,telnet,RSTO,126,179,0,0,0,1,1,0,0,0,0,0,0,0,0,0,0,0,1,1,0.0,0.0,1.0,1.0,1.0,0.0,0.0,28,28,1.0,0.0,0.04,0.0,0.07,0.07,0.93,0.93,guess_passwd,0
0,icmp,ecr_i,SF,1480,0,0,1,0,0,0,0,0,0,0,0,0,0,0,0,0,0,2,4,0.0,0.0,0.0,0.0,1.0,0.0,0.5,3,34,0.67,0.67,0.67,0.5,0.0,0.0,0.0,0.0,pod,0
31809,tcp,private,RSTR,1,0,0,0,0,0,0,0,0,0,0,0,0,0,0,0,0,0,2,2,0.0,0.0,1.0,1.0,1.0,0.0,0.0,255,2,0.01,0.82,1.0,0.0,0.0,0.0,1.0,1.0,portsweep,0
0,tcp,http,SF,54540,8314,0,0,0,2,0,1,1,0,0,0,0,0,0,0,0,0,2,2,0.0,0.0,0.0,0.0,1.0,0.0,0.0,82,82,1.0,0.0,0.01,0.0,0.0,0.0,0.01,0.01,back,0
0,tcp,Z39_50,S0,0,0,0,0,0,0,0,0,0,0,0,0,0,0,0,0,0,0,263,19,1.0,1.0,0.0,0.0,0.07,0.05,0.0,255,19,0.07,0.05,0.0,0.0,1.0,1.0,0.0,0.0,neptune,0
0,tcp,imap4,S1,1492,649186,0,0,0,0,0,0,0,0,0,0,0,0,0,0,0,0,1,1,1.0,1.0,0.0,0.0,1.0,0.0,0.0,11,11,1.0,0.0,0.09,0.0,0.55,0.55,0.0,0.0,imap,0
45,tcp,telnet,SF,268,2364,0,0,0,0,0,1,0,1,0,2,2,1,0,0,0,0,1,1,0.0,0.0,0.0,0.0,1.0,0.0,0.0,255,2,0.01,0.02,0.0,0.0,0.0,0.0,0.69,0.0,perl,0
0,tcp,ftp,SF,1151,2445,0,0,0,28,0,1,0,0,0,0,0,0,0,0,0,1,1,1,0.0,0.0,0.0,0.0,1.0,0.0,0.0,255,110,0.43,0.02,0.0,0.0,0.0,0.0,0.0,0.0,warezclient,0
9,tcp,ftp_data,SF,0,5150938,0,0,0,0,0,0,0,0,0,0,0,0,0,0,0,0,1,1,0.0,0.0,0.0,0.0,1.0,0.0,0.0,15,15,1.0,0.0,1.0,0.0,0.0,0.0,0.0,0.0,warezmaster,0
1,tcp,ftp,SF,1176,2445,0,0,0,28,0,1,0,0,0,0,0,0,0,0,0,1,1,1,0.0,0.0,0.0,0.0,1.0,0.0,0.0,105,3,0.03,0.06,0.01,0.0,0.02,0.0,0.08,0.0,warezclient,0
0,tcp,imap4,SF,0,0,0,0,0,2,0,0,0,0,0,0,0,0,0,0,0,0,4,125,0.5,0.75,0.0,0.04,1.0,0.0,0.36,10,10,1.0,0.0,0.8,0.0,0.5,0.5,0.0,0.0,imap,0
708,tcp,telnet,SF,1727,24080,0,0,0,0,0,1,6,0,0,7,0,0,0,0,0,0,1,1,0.0,0.0,0.0,0.0,1.0,0.0,0.0,255,3,0.01,0.02,0.0,0.0,0.0,0.0,0.0,0.0,rootkit,0
0,tcp,ftp_data,SF,0,5014,0,0,0,0,0,1,0,0,0,0,0,0,0,0,0,0,3,2,0.0,0.0,0.0,0.0,0.67,0.67,0.0,2,4,1.0,0.0,1.0,0.5,0.0,0.0,0.0,0.0,loadmodule,0
0,tcp,telnet,RSTR,126,179,0,0,0,2,1,0,0,0,0,0,0,0,0,0,0,0,2,2,0.0,0.0,1.0,1.0,1.0,0.0,0.0,37,37,1.0,0.0,0.05,0.0,0.05,0.05,0.95,0.95,guess_passwd,0
0,tcp,http,SF,54540,8314,0,0,0,2,0,1,1,0,0,0,0,0,0,0,0,0,5,5,0.0,0.0,0.0,0.0,1.0,0.0,0.0,163,163,1.0,0.0,0.01,0.0,0.0,0.0,0.06,0.06,back,0
0,icmp,eco_i,SF,8,0,0,0,0,0,0,0,0,0,0,0,0,0,0,0,0,0,1,14,0.0,0.0,0.0,0.0,1.0,0.0,1.0,4,80,1.0,0.0,1.0,0.25,0.0,0.0,0.0,0.0,nmap,0
179,tcp,ftp,SF,87,319,0,0,0,1,0,1,0,0,0,0,1,0,0,0,0,1,1,1,0.0,0.0,0.0,0.0,1.0,0.0,0.0,255,2,0.01,0.01,0.0,0.0,0.0,0.0,0.04,0.0,multihop,0
21,tcp,telnet,SF,135,1290,0,0,0,0,0,1,0,0,0,0,0,0,0,0,0,0,1,1,0.0,0.0,0.0,0.0,1.0,0.0,0.0,6,4,0.67,0.5,0.17,0.0,0.0,0.0,0.0,0.0,loadmodule,0
0,udp,private,SF,28,0,0,3,0,0,0,0,0,0,0,0,0,0,0,0,0,0,55,55,0.0,0.0,0.0,0.0,1.0,0.0,0.0,255,22,0.09,0.01,0.09,0.0,0.0,0.0,0.0,0.0,teardrop,0
0,tcp,ftp_data,SF,334,0,0,0,0,0,0,1,0,0,0,0,0,0,0,0,0,0,1,1,0.0,0.0,0.0,0.0,1.0,0.0,0.0,14,46,0.93,0.14,1.0,0.11,0.0,0.0,0.0,0.0,warezclient,0
0,tcp,ftp_data,SF,0,467968,0,0,0,0,0,0,0,0,0,0,0,0,0,0,0,0,1,1,0.0,0.0,0.0,0.0,1.0,0.0,0.0,2,2,1.0,0.0,1.0,0.0,0.0,0.0,0.0,0.0,multihop,0
0,tcp,http,SF,54540,8314,0,0,0,2,0,1,1,0,0,0,0,0,0,0,0,0,4,4,0.0,0.0,0.0,0.0,1.0,0.0,0.0,49,49,1.0,0.0,0.02,0.0,0.0,0.0,0.24,0.24,back,0
305,tcp,telnet,SF,1735,2766,0,0,0,3,0,1,2,1,0,0,1,0,0,0,0,0,1,1,0.0,0.0,0.0,0.0,1.0,0.0,0.0,2,4,1.0,0.0,0.5,0.5,0.0,0.0,0.0,0.0,buffer_overflow,0
0,icmp,eco_i,SF,8,0,0,0,0,0,0,0,0,0,0,0,0,0,0,0,0,0,1,20,0.0,0.0,0.0,0.0,1.0,0.0,1.0,2,180,1.0,0.0,1.0,0.5,0.0,0.0,0.0,0.0,ipsweep,0
0,udp,private,SF,28,0,0,3,0,0,0,0,0,0,0,0,0,0,0,0,0,0,25,25,0.0,0.0,0.0,0.0,1.0,0.0,0.0,228,25,0.11,0.05,0.11,0.0,0.02,0.0,0.0,0.0,teardrop,0
25,tcp,telnet,SF,269,2333,0,0,0,0,0,1,0,1,0,2,2,1,0,0,0,0,1,1,0.0,0.0,0.0,0.0,1.0,0.0,0.0,69,2,0.03,0.06,0.01,0.0,0.0,0.0,0.0,0.0,perl,0
176,tcp,telnet,SF,1559,2732,0,0,0,3,0,1,4,1,0,0,1,0,0,0,0,0,1,1,0.0,0.0,0.0,0.0,1.0,0.0,0.0,8,8,1.0,0.0,0.12,0.0,0.0,0.0,0.12,0.12,buffer_overflow,0
60,tcp,telnet,SF,86,183,0,0,0,0,1,0,0,0,0,0,0,0,0,0,0,0,1,1,0.0,0.0,0.0,0.0,1.0,0.0,0.0,255,1,0.0,0.02,0.0,0.0,0.0,0.0,0.0,0.0,rootkit,0
0,tcp,finger,S0,0,0,1,0,0,0,0,0,0,0,0,0,0,0,0,0,0,0,1,2,1.0,1.0,0.0,0.0,1.0,0.0,1.0,1,2,1.0,0.0,1.0,1.0,1.0,0.5,0.0,0.0,land,0
0,udp,private,SF,28,0,0,3,0,0,0,0,0,0,0,0,0,0,0,0,0,0,45,45,0.0,0.0,0.0,0.0,1.0,0.0,0.0,255,45,0.18,0.01,0.18,0.0,0.0,0.0,0.0,0.0,teardrop,0
12,tcp,http,SF,51,8127,0,0,0,2,0,1,0,1,0,0,0,0,1,0,0,0,1,1,0.0,0.0,0.0,0.0,1.0,0.0,0.0,255,246,0.96,0.01,0.0,0.0,0.0,0.0,0.0,0.0,phf,0
0,icmp,ecr_i,SF,1032,0,0,0,0,0,0,0,0,0,0,0,0,0,0,0,0,0,511,511,0.0,0.0,0.0,0.0,1.0,0.0,0.0,255,82,0.32,0.02,0.32,0.0,0.02,0.0,0.0,0.0,smurf,0
10,tcp,ftp_data,SF,0,5150180,0,0,0,0,0,0,0,0,0,0,0,0,0,0,0,0,1,1,0.0,0.0,0.0,0.0,1.0,0.0,0.0,17,17,1.0,0.0,1.0,0.0,0.0,0.0,0.0,0.0,warezmaster,0
0,icmp,eco_i,SF,8,0,0,0,0,0,0,0,0,0,0,0,0,0,0,0,0,0,1,25,0.0,0.0,0.0,0.0,1.0,0.0,1.0,2,86,1.0,0.0,1.0,0.5,0.0,0.0,0.0,0.0,ipsweep,0
0,tcp,imap4,SH,0,0,0,0,0,0,0,0,0,0,0,0,0,0,0,0,0,0,1,160,1.0,0.58,0.0,0.03,1.0,0.0,0.28,1,1,1.0,0.0,1.0,0.0,1.0,1.0,0.0,0.0,imap,0
0,icmp,eco_i,SF,8,0,0,0,0,0,0,0,0,0,0,0,0,0,0,0,0,0,1,16,0.0,0.0,0.0,0.0,1.0,0.0,1.0,3,227,1.0,0.0,1.0,0.25,0.0,0.0,0.0,0.0,nmap,0
0,tcp,imap4,SH,0,0,0,0,0,0,0,0,0,0,0,0,0,0,0,0,0,0,2,161,1.0,0.58,0.0,0.03,1.0,0.0,0.28,2,2,1.0,0.0,1.0,0.0,1.0,1.0,0.0,0.0,imap,0
0,icmp,ecr_i,SF,1032,0,0,0,0,0,0,0,0,0,0,0,0,0,0,0,0,0,511,511,0.0,0.0,0.0,0.0,1.0,0.0,0.0,188,94,0.5,0.04,0.5,0.0,0.01,0.0,0.34,0.0,smurf,0
4,tcp,pop_2,SF,6,147,0,0,0,0,0,0,0,0,0,0,0,0,0,0,0,0,511,1,0.07,0.0,0.91,0.0,0.0,1.0,0.0,255,1,0.0,1.0,0.0,0.0,0.07,0.0,0.9,0.0,satan,0
0,icmp,ecr_i,SF,1032,0,0,0,0,0,0,0,0,0,0,0,0,0,0,0,0,0,131,131,0.0,0.0,0.0,0.0,1.0,0.0,0.0,136,42,0.31,0.05,0.31,0.0,0.01,0.0,0.46,0.0,smurf,0
0,icmp,ecr_i,SF,520,0,0,0,0,0,0,0,0,0,0,0,0,0,0,0,0,0,237,237,0.0,0.0,0.0,0.0,1.0,0.0,0.0,255,255,1.0,0.0,1.0,0.0,0.0,0.0,0.0,0.0,smurf,0
9,tcp,ftp_data,SF,0,5153460,0,0,0,0,0,0,0,0,0,0,0,0,0,0,0,0,3,3,0.0,0.0,0.0,0.0,1.0,0.0,0.0,3,3,1.0,0.0,1.0,0.0,0.0,0.0,0.0,0.0,warezmaster,0
0,udp,private,SF,28,0,0,3,0,0,0,0,0,0,0,0,0,0,0,0,0,0,35,35,0.0,0.0,0.0,0.0,1.0,0.0,0.0,255,35,0.14,0.01,0.14,0.0,0.0,0.0,0.0,0.0,teardrop,0
61,tcp,telnet,SF,294,3929,0,0,0,0,0,1,0,1,0,4,1,0,0,0,0,0,1,1,0.0,0.0,0.0,0.0,1.0,0.0,0.0,255,4,0.02,0.02,0.0,0.0,0.0,0.25,0.73,0.25,rootkit,0
0,icmp,eco_i,SF,18,0,0,0,0,0,0,0,0,0,0,0,0,0,0,0,0,0,1,1,0.0,0.0,0.0,0.0,1.0,0.0,0.0,1,17,1.0,0.0,1.0,1.0,0.0,0.0,0.0,0.0,ipsweep,0
41,tcp,imap4,SF,1334,162,0,0,0,0,0,0,0,0,0,0,0,0,0,0,0,0,1,1,0.0,0.0,0.0,0.0,1.0,0.0,0.0,5,5,1.0,0.0,0.2,0.0,0.4,0.4,0.0,0.0,imap,0
718,tcp,telnet,SF,1412,25260,0,0,0,15,0,1,38,1,0,54,4,1,2,0,0,0,1,1,0.0,0.0,0.0,0.0,1.0,0.0,0.0,1,1,1.0,0.0,1.0,0.0,0.0,0.0,0.0,0.0,multihop,0
0,tcp,ftp_data,SF,0,5696,0,0,0,0,0,1,0,0,0,0,0,0,0,0,0,0,1,1,0.0,0.0,0.0,0.0,1.0,0.0,0.0,1,81,1.0,0.0,1.0,0.02,0.0,0.0,0.0,0.0,buffer_overflow,0
0,icmp,eco_i,SF,8,0,0,0,0,0,0,0,0,0,0,0,0,0,0,0,0,0,1,29,0.0,0.0,0.0,0.0,1.0,0.0,1.0,1,93,1.0,0.0,1.0,0.51,0.0,0.0,0.0,0.0,ipsweep,0
0,tcp,private,REJ,0,0,0,0,0,0,0,0,0,0,0,0,0,0,0,0,0,0,2,1,0.0,0.0,1.0,1.0,0.5,1.0,0.0,255,1,0.0,0.48,0.45,0.0,0.0,0.0,0.46,1.0,portsweep,0
9,tcp,ftp_data,SF,0,5153771,0,0,0,0,0,0,0,0,0,0,0,0,0,0,0,0,1,1,0.0,0.0,0.0,0.0,1.0,0.0,0.0,12,12,1.0,0.0,1.0,0.0,0.0,0.0,0.0,0.0,warezmaster,0
0,icmp,ecr_i,SF,1032,0,0,0,0,0,0,0,0,0,0,0,0,0,0,0,0,0,53,53,0.0,0.0,0.0,0.0,1.0,0.0,0.0,255,53,0.21,0.02,0.21,0.0,0.0,0.0,0.0,0.0,smurf,0
0,icmp,ecr_i,SF,520,0,0,0,0,0,0,0,0,0,0,0,0,0,0,0,0,0,135,135,0.0,0.0,0.0,0.0,1.0,0.0,0.0,255,255,1.0,0.0,1.0,0.0,0.0,0.0,0.0,0.0,smurf,0
0,tcp,http,SF,204,314,0,0,0,0,0,1,0,0,0,0,0,0,0,0,0,0,2,2,0.0,0.0,0.0,0.0,1.0,0.0,0.0,76,255,1.0,0.0,0.01,0.06,0.0,0.0,0.0,0.0,normal,0
0,tcp,telnet,RSTO,125,179,0,0,0,1,1,0,0,0,0,0,0,0,0,0,0,0,2,2,0.0,0.0,1.0,1.0,1.0,0.0,0.0,3,3,1.0,0.0,0.33,0.0,0.33,0.33,0.67,0.67,guess_passwd,0
21223,tcp,private,RSTR,1,0,0,0,0,0,0,0,0,0,0,0,0,0,0,0,0,0,2,2,0.0,0.0,1.0,1.0,1.0,0.0,0.0,255,2,0.01,0.65,1.0,0.0,0.0,0.0,1.0,1.0,portsweep,0
0,tcp,ftp_data,SF,334,0,0,0,0,0,0,1,0,0,0,0,0,0,0,0,0,0,1,1,0.0,0.0,0.0,0.0,1.0,0.0,0.0,5,23,1.0,0.0,1.0,0.17,0.0,0.0,0.0,0.0,warezclient,0
0,tcp,http,SF,54540,8314,0,0,0,2,0,1,1,0,0,0,0,0,0,0,0,0,2,2,0.0,0.0,0.0,0.0,1.0,0.0,0.0,44,44,1.0,0.0,0.02,0.0,0.02,0.02,0.02,0.02,back,0
0,tcp,imap4,SF,0,0,0,0,0,0,0,0,0,0,0,0,0,0,0,0,0,0,3,162,0.67,0.58,0.0,0.03,1.0,0.0,0.28,3,3,1.0,0.0,1.0,0.0,0.67,0.67,0.0,0.0,imap,0
0,icmp,ecr_i,SF,1480,0,0,1,0,0,0,0,0,0,0,0,0,0,0,0,0,0,1,3,0.0,0.0,0.0,0.0,1.0,0.0,0.67,2,153,0.5,1.0,0.5,0.03,0.5,0.0,0.0,0.0,pod,0
11,tcp,telnet,SF,306,24556,0,0,0,0,0,1,0,0,0,0,0,0,0,0,0,0,1,1,0.0,0.0,0.0,0.0,1.0,0.0,0.0,255,61,0.24,0.02,0.0,0.0,0.0,0.0,0.0,0.0,normal,0
0,tcp,auth,REJ,0,0,0,0,0,0,0,0,0,0,0,0,0,0,0,0,0,0,2,1,0.0,0.0,1.0,1.0,0.5,1.0,0.0,255,1,0.0,1.0,1.0,0.0,0.0,0.0,1.0,1.0,portsweep,0
0,tcp,imap4,S0,0,0,0,0,0,0,0,0,0,0,0,0,0,0,0,0,0,0,246,2,1.0,1.0,0.0,0.0,0.01,0.07,0.0,255,2,0.01,0.07,0.0,0.0,1.0,1.0,0.0,0.0,neptune,0
0,tcp,private,REJ,0,0,0,0,0,0,0,0,0,0,0,0,0,0,0,0,0,0,191,7,0.0,0.0,1.0,1.0,0.04,0.07,0.0,255,7,0.03,0.08,0.0,0.0,0.0,0.0,1.0,1.0,neptune,0
0,tcp,private,SH,0,0,0,0,0,0,0,0,0,0,0,0,0,0,0,0,0,0,1,1,1.0,1.0,0.0,0.0,1.0,0.0,0.0,72,1,0.01,0.86,0.89,0.0,0.89,1.0,0.0,0.0,nmap,0
85,tcp,telnet,SF,277,693,0,0,0,0,0,0,0,0,0,0,0,0,0,0,0,0,1,1,0.0,0.0,0.0,0.0,1.0,0.0,0.0,1,1,1.0,0.0,1.0,0.0,0.0,0.0,0.0,0.0,loadmodule,0
0,udp,private,SF,28,0,0,3,0,0,0,0,0,0,0,0,0,0,0,0,0,0,91,89,0.01,0.0,0.01,0.0,0.98,0.03,0.0,255,89,0.35,0.02,0.35,0.0,0.0,0.0,0.49,0.0,teardrop,0
0,tcp,finger,S0,0,0,1,0,0,0,0,0,0,0,0,0,0,0,0,0,0,0,1,2,1.0,1.0,0.0,0.0,1.0,0.0,1.0,1,3,1.0,0.0,1.0,1.0,1.0,0.67,0.0,0.0,land,0
0,tcp,ftp_data,SF,334,0,0,0,0,0,0,1,0,0,0,0,0,0,0,0,0,0,2,2,0.0,0.0,0.0,0.0,1.0,0.0,0.0,179,58,0.19,0.06,0.21,0.03,0.01,0.03,0.0,0.0,warezclient,0
0,tcp,ftp_data,SF,334,0,0,0,0,0,0,1,0,0,0,0,0,0,0,0,0,0,2,2,0.0,0.0,0.0,0.0,1.0,0.0,0.0,2,32,1.0,0.0,1.0,0.12,0.0,0.0,0.0,0.0,warezclient,0
0,udp,domain_u,SF,30,90,0,0,0,0,0,0,0,0,0,0,0,0,0,0,0,0,1,1,0.0,0.0,0.0,0.0,1.0,0.0,0.0,45,197,1.0,0.0,1.0,0.01,0.0,0.0,0.0,0.0,normal,0
9,tcp,ftp_data,SF,0,5150772,0,0,0,0,0,0,0,0,0,0,0,0,0,0,0,0,1,1,0.0,0.0,0.0,0.0,1.0,0.0,0.0,9,9,1.0,0.0,1.0,0.0,0.0,0.0,0.0,0.0,warezmaster,0
184,tcp,telnet,SF,1511,2957,0,0,0,3,0,1,2,1,0,0,1,0,0,0,0,0,1,1,0.0,0.0,0.0,0.0,1.0,0.0,0.0,1,3,1.0,0.0,1.0,0.67,0.0,0.0,0.0,0.0,buffer_overflow,0
0,icmp,ecr_i,SF,1032,0,0,0,0,0,0,0,0,0,0,0,0,0,0,0,0,0,351,351,0.0,0.0,0.0,0.0,1.0,0.0,0.0,255,255,1.0,0.0,1.0,0.0,0.0,0.0,0.0,0.0,smurf,0
0,tcp,finger,S0,0,0,1,0,0,0,0,0,0,0,0,0,0,0,0,0,0,0,1,2,1.0,1.0,0.0,0.0,1.0,0.0,1.0,12,9,0.08,0.17,0.08,0.33,0.58,0.11,0.0,0.0,land,0
0,tcp,private,S0,0,0,0,0,0,0,0,0,0,0,0,0,0,0,0,0,0,0,262,11,1.0,1.0,0.0,0.0,0.04,0.06,0.0,255,11,0.04,0.06,0.0,0.0,1.0,1.0,0.0,0.0,neptune,0
0,tcp,ftp_data,SF,0,5928,0,0,0,0,0,1,0,0,0,0,0,0,0,0,0,0,2,2,0.0,0.0,0.0,0.0,1.0,0.0,0.0,2,82,1.0,0.0,1.0,0.02,0.0,0.0,0.0,0.0,buffer_overflow,0
192,tcp,ftp,SF,119,426,0,0,0,2,0,1,0,0,0,0,1,0,0,0,0,1,1,1,0.0,0.0,0.0,0.0,1.0,0.0,0.0,255,1,0.0,0.01,0.0,0.0,0.0,0.0,0.04,0.0,multihop,0
0,tcp,private,S0,0,0,0,0,0,0,0,0,0,0,0,0,0,0,0,0,0,0,468,1,0.06,1.0,0.93,0.0,0.0,1.0,0.0,255,1,0.0,1.0,0.0,0.0,0.1,1.0,0.9,0.0,satan,0
0,tcp,private,S0,0,0,0,0,0,0,0,0,0,0,0,0,0,0,0,0,0,0,231,13,1.0,1.0,0.0,0.0,0.06,0.07,0.0,255,13,0.05,0.07,0.0,0.0,1.0,1.0,0.0,0.0,neptune,0
